"Date","Activity ()","Source"
"2025-10-24","1908 steps","Internal Step Counter"
"2025-10-23","794 steps","Internal Step Counter"
"2025-10-22","478 steps","Internal Step Counter"
"2025-10-21","2236 steps","Internal Step Counter"
"2025-10-20","229 steps","Internal Step Counter"
"2025-10-19","305 steps","Internal Step Counter"
"2025-10-18","521 steps","Internal Step Counter"
"2025-10-17","2059 steps","Internal Step Counter"
"2025-10-16","3590 steps","Internal Step Counter"
"2025-10-15","4432 steps","Internal Step Counter"
"2025-10-14","4024 steps","Internal Step Counter"
"2025-10-13","1047 steps","Internal Step Counter"
